"did", "sht_temperature", "bmp_temperature", "illuminance", "bmp_pressure", "sht_humidity", "battery_voltage", "charge_flags_charge", "charge_flags_fault", "solar_voltage", "wind_direction", "wind_speed", "date", "rate"
"0x8117","0","0","0","0","0","0","0","0","-999","-999","-999","Wed Jan 01 2014 00:00:00 GMT-0500 (EST)","-999"
"0x8117","0","0","0","0","0","0","0","0","-999","-999","-999","Thu Jan 02 2014 00:00:00 GMT-0500 (EST)","-999"
"0x8117","0","0","0","0","0","0","0","0","-999","-999","-999","Fri Jan 03 2014 00:00:00 GMT-0500 (EST)","-999"
"0x8117","0","0","0","0","0","0","0","0","-999","-999","-999","Sat Jan 04 2014 00:00:00 GMT-0500 (EST)","-999"
"0x8117","0","0","0","0","0","0","0","0","-999","-999","-999","Sun Jan 05 2014 00:00:00 GMT-0500 (EST)","-999"
"0x8117","0","0","0","0","0","0","0","0","-999","-999","-999","Mon Jan 06 2014 00:00:00 GMT-0500 (EST)","-999"
"0x8117","0","0","0","0","0","0","0","0","-999","-999","-999","Tue Jan 07 2014 00:00:00 GMT-0500 (EST)","-999"
"0x8117","0","0","0","0","0","0","0","0","-999","-999","-999","Wed Jan 08 2014 00:00:00 GMT-0500 (EST)","-999"
"0x8117","0","0","0","0","0","0","0","0","-999","-999","-999","Thu Jan 09 2014 00:00:00 GMT-0500 (EST)","-999"
"0x8117","0","0","0","0","0","0","0","0","-999","-999","-999","Fri Jan 10 2014 00:00:00 GMT-0500 (EST)","-999"
"0x8117","0","0","0","0","0","0","0","0","-999","-999","-999","Sat Jan 11 2014 00:00:00 GMT-0500 (EST)","-999"
"0x8117","0","0","0","0","0","0","0","0","-999","-999","-999","Sun Jan 12 2014 00:00:00 GMT-0500 (EST)","-999"
"0x8117","0","0","0","0","0","0","0","0","-999","-999","-999","Mon Jan 13 2014 00:00:00 GMT-0500 (EST)","-999"
"0x8117","0","0","0","0","0","0","0","0","-999","-999","-999","Tue Jan 14 2014 00:00:00 GMT-0500 (EST)","-999"
"0x8117","0","0","0","0","0","0","0","0","-999","-999","-999","Wed Jan 15 2014 00:00:00 GMT-0500 (EST)","-999"
"0x8117","0","0","0","0","0","0","0","0","-999","-999","-999","Thu Jan 16 2014 00:00:00 GMT-0500 (EST)","-999"
"0x8117","0","0","0","0","0","0","0","0","-999","-999","-999","Fri Jan 17 2014 00:00:00 GMT-0500 (EST)","-999"
"0x8117","0","0","0","0","0","0","0","0","-999","-999","-999","Sat Jan 18 2014 00:00:00 GMT-0500 (EST)","-999"
"0x8117","0","0","0","0","0","0","0","0","-999","-999","-999","Sun Jan 19 2014 00:00:00 GMT-0500 (EST)","-999"
"0x8117","0","0","0","0","0","0","0","0","-999","-999","-999","Mon Jan 20 2014 00:00:00 GMT-0500 (EST)","-999"
"0x8117","0","0","0","0","0","0","0","0","-999","-999","-999","Tue Jan 21 2014 00:00:00 GMT-0500 (EST)","-999"
"0x8117","0","0","0","0","0","0","0","0","-999","-999","-999","Wed Jan 22 2014 00:00:00 GMT-0500 (EST)","-999"
"0x8117","0","0","0","0","0","0","0","0","-999","-999","-999","Thu Jan 23 2014 00:00:00 GMT-0500 (EST)","-999"
"0x8117","0","0","0","0","0","0","0","0","-999","-999","-999","Fri Jan 24 2014 00:00:00 GMT-0500 (EST)","-999"
"0x8117","0","0","0","0","0","0","0","0","-999","-999","-999","Sat Jan 25 2014 00:00:00 GMT-0500 (EST)","-999"
"0x8117","0","0","0","0","0","0","0","0","-999","-999","-999","Sun Jan 26 2014 00:00:00 GMT-0500 (EST)","-999"
"0x8117","0","0","0","0","0","0","0","0","-999","-999","-999","Mon Jan 27 2014 00:00:00 GMT-0500 (EST)","-999"
"0x8117","0","0","0","0","0","0","0","0","-999","-999","-999","Tue Jan 28 2014 00:00:00 GMT-0500 (EST)","-999"
"0x8117","0","0","0","0","0","0","0","0","-999","-999","-999","Wed Jan 29 2014 00:00:00 GMT-0500 (EST)","-999"
"0x8117","0","0","0","0","0","0","0","0","-999","-999","-999","Thu Jan 30 2014 00:00:00 GMT-0500 (EST)","-999"
"0x8117","0","0","0","0","0","0","0","0","-999","-999","-999","Fri Jan 31 2014 00:00:00 GMT-0500 (EST)","-999"
"0x8117","0","0","0","0","0","0","0","0","-999","-999","-999","Sat Feb 01 2014 00:00:00 GMT-0500 (EST)","-999"
"0x8117","0","0","0","0","0","0","0","0","-999","-999","-999","Sun Feb 02 2014 00:00:00 GMT-0500 (EST)","-999"
"0x8117","0","0","0","0","0","0","0","0","-999","-999","-999","Mon Feb 03 2014 00:00:00 GMT-0500 (EST)","-999"
"0x8117","0","0","0","0","0","0","0","0","-999","-999","-999","Tue Feb 04 2014 00:00:00 GMT-0500 (EST)","-999"
"0x8117","0","0","0","0","0","0","0","0","-999","-999","-999","Wed Feb 05 2014 00:00:00 GMT-0500 (EST)","-999"
"0x8117","0","0","0","0","0","0","0","0","-999","-999","-999","Thu Feb 06 2014 00:00:00 GMT-0500 (EST)","-999"
"0x8117","0","0","0","0","0","0","0","0","-999","-999","-999","Fri Feb 07 2014 00:00:00 GMT-0500 (EST)","-999"
"0x8117","0","0","0","0","0","0","0","0","-999","-999","-999","Sat Feb 08 2014 00:00:00 GMT-0500 (EST)","-999"
"0x8117","0","0","0","0","0","0","0","0","-999","-999","-999","Sun Feb 09 2014 00:00:00 GMT-0500 (EST)","-999"
"0x8117","0","0","0","0","0","0","0","0","-999","-999","-999","Mon Feb 10 2014 00:00:00 GMT-0500 (EST)","-999"
"0x8117","0","0","0","0","0","0","0","0","-999","-999","-999","Tue Feb 11 2014 00:00:00 GMT-0500 (EST)","-999"
"0x8117","0","0","0","0","0","0","0","0","-999","-999","-999","Wed Feb 12 2014 00:00:00 GMT-0500 (EST)","-999"
"0x8117","0","0","0","0","0","0","0","0","-999","-999","-999","Thu Feb 13 2014 00:00:00 GMT-0500 (EST)","-999"
"0x8117","0","0","0","0","0","0","0","0","-999","-999","-999","Fri Feb 14 2014 00:00:00 GMT-0500 (EST)","-999"
"0x8117","0","0","0","0","0","0","0","0","-999","-999","-999","Sat Feb 15 2014 00:00:00 GMT-0500 (EST)","-999"
"0x8117","0","0","0","0","0","0","0","0","-999","-999","-999","Sun Feb 16 2014 00:00:00 GMT-0500 (EST)","-999"
"0x8117","0","0","0","0","0","0","0","0","-999","-999","-999","Mon Feb 17 2014 00:00:00 GMT-0500 (EST)","-999"
"0x8117","0","0","0","0","0","0","0","0","-999","-999","-999","Tue Feb 18 2014 00:00:00 GMT-0500 (EST)","-999"
"0x8117","0","0","0","0","0","0","0","0","-999","-999","-999","Wed Feb 19 2014 00:00:00 GMT-0500 (EST)","-999"
"0x8117","0","0","0","0","0","0","0","0","-999","-999","-999","Thu Feb 20 2014 00:00:00 GMT-0500 (EST)","-999"
"0x8117","0","0","0","0","0","0","0","0","-999","-999","-999","Fri Feb 21 2014 00:00:00 GMT-0500 (EST)","-999"
"0x8117","0","0","0","0","0","0","0","0","-999","-999","-999","Sat Feb 22 2014 00:00:00 GMT-0500 (EST)","-999"
"0x8117","0","0","0","0","0","0","0","0","-999","-999","-999","Sun Feb 23 2014 00:00:00 GMT-0500 (EST)","-999"
"0x8117","0","0","0","0","0","0","0","0","-999","-999","-999","Mon Feb 24 2014 00:00:00 GMT-0500 (EST)","-999"
"0x8117","0","0","0","0","0","0","0","0","-999","-999","-999","Tue Feb 25 2014 00:00:00 GMT-0500 (EST)","-999"
"0x8117","0","0","0","0","0","0","0","0","-999","-999","-999","Wed Feb 26 2014 00:00:00 GMT-0500 (EST)","-999"
"0x8117","0","0","0","0","0","0","0","0","-999","-999","-999","Thu Feb 27 2014 00:00:00 GMT-0500 (EST)","-999"
"0x8117","0","0","0","0","0","0","0","0","-999","-999","-999","Fri Feb 28 2014 00:00:00 GMT-0500 (EST)","-999"
"0x8117","0","0","0","0","0","0","0","0","-999","-999","-999","Sat Mar 01 2014 00:00:00 GMT-0500 (EST)","-999"
"0x8117","0","0","0","0","0","0","0","0","-999","-999","-999","Sun Mar 02 2014 00:00:00 GMT-0500 (EST)","-999"
"0x8117","0","0","0","0","0","0","0","0","-999","-999","-999","Mon Mar 03 2014 00:00:00 GMT-0500 (EST)","-999"
"0x8117","0","0","0","0","0","0","0","0","-999","-999","-999","Tue Mar 04 2014 00:00:00 GMT-0500 (EST)","-999"
"0x8117","0","0","0","0","0","0","0","0","-999","-999","-999","Wed Mar 05 2014 00:00:00 GMT-0500 (EST)","-999"
"0x8117","0","0","0","0","0","0","0","0","-999","-999","-999","Thu Mar 06 2014 00:00:00 GMT-0500 (EST)","-999"
"0x8117","0","0","0","0","0","0","0","0","-999","-999","-999","Fri Mar 07 2014 00:00:00 GMT-0500 (EST)","-999"
"0x8117","0","0","0","0","0","0","0","0","-999","-999","-999","Sat Mar 08 2014 00:00:00 GMT-0500 (EST)","-999"
"0x8117","0","0","0","0","0","0","0","0","-999","-999","-999","Sun Mar 09 2014 00:00:00 GMT-0500 (EST)","-999"
"0x8117","0","0","0","0","0","0","0","0","-999","-999","-999","Mon Mar 10 2014 00:00:00 GMT-0400 (EDT)","-999"
"0x8117","0","0","0","0","0","0","0","0","-999","-999","-999","Tue Mar 11 2014 00:00:00 GMT-0400 (EDT)","-999"
"0x8117","0","0","0","0","0","0","0","0","-999","-999","-999","Wed Mar 12 2014 00:00:00 GMT-0400 (EDT)","-999"
"0x8117","0","0","0","0","0","0","0","0","-999","-999","-999","Thu Mar 13 2014 00:00:00 GMT-0400 (EDT)","-999"
"0x8117","0","0","0","0","0","0","0","0","-999","-999","-999","Fri Mar 14 2014 00:00:00 GMT-0400 (EDT)","-999"
"0x8117","0","0","0","0","0","0","0","0","-999","-999","-999","Sat Mar 15 2014 00:00:00 GMT-0400 (EDT)","-999"
"0x8117","0","0","0","0","0","0","0","0","-999","-999","-999","Sun Mar 16 2014 00:00:00 GMT-0400 (EDT)","-999"
"0x8117","0","0","0","0","0","0","0","0","-999","-999","-999","Mon Mar 17 2014 00:00:00 GMT-0400 (EDT)","-999"
"0x8117","0","0","0","0","0","0","0","0","-999","-999","-999","Tue Mar 18 2014 00:00:00 GMT-0400 (EDT)","-999"
"0x8117","0","0","0","0","0","0","0","0","-999","-999","-999","Wed Mar 19 2014 00:00:00 GMT-0400 (EDT)","-999"
"0x8117","0","0","0","0","0","0","0","0","-999","-999","-999","Thu Mar 20 2014 00:00:00 GMT-0400 (EDT)","-999"
"0x8117","0","0","0","0","0","0","0","0","-999","-999","-999","Fri Mar 21 2014 00:00:00 GMT-0400 (EDT)","-999"
"0x8117","0","0","0","0","0","0","0","0","-999","-999","-999","Sat Mar 22 2014 00:00:00 GMT-0400 (EDT)","-999"
"0x8117","0","0","0","0","0","0","0","0","-999","-999","-999","Sun Mar 23 2014 00:00:00 GMT-0400 (EDT)","-999"
"0x8117","0","0","0","0","0","0","0","0","-999","-999","-999","Mon Mar 24 2014 00:00:00 GMT-0400 (EDT)","-999"
"0x8117","0","0","0","0","0","0","0","0","-999","-999","-999","Tue Mar 25 2014 00:00:00 GMT-0400 (EDT)","-999"
"0x8117","0","0","0","0","0","0","0","0","-999","-999","-999","Wed Mar 26 2014 00:00:00 GMT-0400 (EDT)","-999"
"0x8117","0","0","0","0","0","0","0","0","-999","-999","-999","Thu Mar 27 2014 00:00:00 GMT-0400 (EDT)","-999"
"0x8117","0","0","0","0","0","0","0","0","-999","-999","-999","Fri Mar 28 2014 00:00:00 GMT-0400 (EDT)","-999"
"0x8117","0","0","0","0","0","0","0","0","-999","-999","-999","Sat Mar 29 2014 00:00:00 GMT-0400 (EDT)","-999"
"0x8117","0","0","0","0","0","0","0","0","-999","-999","-999","Sun Mar 30 2014 00:00:00 GMT-0400 (EDT)","-999"
"0x8117","0","0","0","0","0","0","0","0","-999","-999","-999","Mon Mar 31 2014 00:00:00 GMT-0400 (EDT)","-999"
"0x8117","0","0","0","0","0","0","0","0","-999","-999","-999","Tue Apr 01 2014 00:00:00 GMT-0400 (EDT)","-999"
"0x8117","0","0","0","0","0","0","0","0","-999","-999","-999","Wed Apr 02 2014 00:00:00 GMT-0400 (EDT)","-999"
"0x8117","0","0","0","0","0","0","0","0","-999","-999","-999","Thu Apr 03 2014 00:00:00 GMT-0400 (EDT)","-999"
"0x8117","0","0","0","0","0","0","0","0","-999","-999","-999","Fri Apr 04 2014 00:00:00 GMT-0400 (EDT)","-999"
"0x8117","0","0","0","0","0","0","0","0","-999","-999","-999","Sat Apr 05 2014 00:00:00 GMT-0400 (EDT)","-999"
"0x8117","0","0","0","0","0","0","0","0","-999","-999","-999","Sun Apr 06 2014 00:00:00 GMT-0400 (EDT)","-999"
"0x8117","0","0","0","0","0","0","0","0","-999","-999","-999","Mon Apr 07 2014 00:00:00 GMT-0400 (EDT)","-999"
"0x8117","0","0","0","0","0","0","0","0","-999","-999","-999","Tue Apr 08 2014 00:00:00 GMT-0400 (EDT)","-999"
"0x8117","0","0","0","0","0","0","0","0","-999","-999","-999","Wed Apr 09 2014 00:00:00 GMT-0400 (EDT)","-999"
"0x8117","0","0","0","0","0","0","0","0","-999","-999","-999","Thu Apr 10 2014 00:00:00 GMT-0400 (EDT)","-999"
"0x8117","0","0","0","0","0","0","0","0","-999","-999","-999","Fri Apr 11 2014 00:00:00 GMT-0400 (EDT)","-999"
"0x8117","0","0","0","0","0","0","0","0","-999","-999","-999","Sat Apr 12 2014 00:00:00 GMT-0400 (EDT)","-999"
"0x8117","0","0","0","0","0","0","0","0","-999","-999","-999","Sun Apr 13 2014 00:00:00 GMT-0400 (EDT)","-999"
"0x8117","0","0","0","0","0","0","0","0","-999","-999","-999","Mon Apr 14 2014 00:00:00 GMT-0400 (EDT)","-999"
"0x8117","0","0","0","0","0","0","0","0","-999","-999","-999","Tue Apr 15 2014 00:00:00 GMT-0400 (EDT)","-999"
"0x8117","0","0","0","0","0","0","0","0","-999","-999","-999","Wed Apr 16 2014 00:00:00 GMT-0400 (EDT)","-999"
"0x8117","0","0","0","0","0","0","0","0","-999","-999","-999","Thu Apr 17 2014 00:00:00 GMT-0400 (EDT)","-999"
"0x8117","0","0","0","0","0","0","0","0","-999","-999","-999","Fri Apr 18 2014 00:00:00 GMT-0400 (EDT)","-999"
"0x8117","0","0","0","0","0","0","0","0","-999","-999","-999","Sat Apr 19 2014 00:00:00 GMT-0400 (EDT)","-999"
"0x8117","0","0","0","0","0","0","0","0","-999","-999","-999","Sun Apr 20 2014 00:00:00 GMT-0400 (EDT)","-999"
"0x8117","0","0","0","0","0","0","0","0","-999","-999","-999","Mon Apr 21 2014 00:00:00 GMT-0400 (EDT)","-999"
"0x8117","0","0","0","0","0","0","0","0","-999","-999","-999","Tue Apr 22 2014 00:00:00 GMT-0400 (EDT)","-999"
"0x8117","0","0","0","0","0","0","0","0","-999","-999","-999","Wed Apr 23 2014 00:00:00 GMT-0400 (EDT)","-999"
"0x8117","0","0","0","0","0","0","0","0","-999","-999","-999","Thu Apr 24 2014 00:00:00 GMT-0400 (EDT)","-999"
"0x8117","0","0","0","0","0","0","0","0","-999","-999","-999","Fri Apr 25 2014 00:00:00 GMT-0400 (EDT)","-999"
"0x8117","0","0","0","0","0","0","0","0","-999","-999","-999","Sat Apr 26 2014 00:00:00 GMT-0400 (EDT)","-999"
"0x8117","0","0","0","0","0","0","0","0","-999","-999","-999","Sun Apr 27 2014 00:00:00 GMT-0400 (EDT)","-999"
"0x8117","0","0","0","0","0","0","0","0","-999","-999","-999","Mon Apr 28 2014 00:00:00 GMT-0400 (EDT)","-999"
"0x8117","0","0","0","0","0","0","0","0","-999","-999","-999","Tue Apr 29 2014 00:00:00 GMT-0400 (EDT)","-999"
"0x8117","0","0","0","0","0","0","0","0","-999","-999","-999","Wed Apr 30 2014 00:00:00 GMT-0400 (EDT)","-999"
"0x8117","0","0","0","0","0","0","0","0","-999","-999","-999","Thu May 01 2014 00:00:00 GMT-0400 (EDT)","-999"
"0x8117","0","0","0","0","0","0","0","0","-999","-999","-999","Fri May 02 2014 00:00:00 GMT-0400 (EDT)","-999"
"0x8117","0","0","0","0","0","0","0","0","-999","-999","-999","Sat May 03 2014 00:00:00 GMT-0400 (EDT)","-999"
"0x8117","0","0","0","0","0","0","0","0","-999","-999","-999","Sun May 04 2014 00:00:00 GMT-0400 (EDT)","-999"
"0x8117","0","0","0","0","0","0","0","0","-999","-999","-999","Mon May 05 2014 00:00:00 GMT-0400 (EDT)","-999"
"0x8117","0","0","0","0","0","0","0","0","-999","-999","-999","Tue May 06 2014 00:00:00 GMT-0400 (EDT)","-999"
"0x8117","0","0","0","0","0","0","0","0","-999","-999","-999","Wed May 07 2014 00:00:00 GMT-0400 (EDT)","-999"
"0x8117","0","0","0","0","0","0","0","0","-999","-999","-999","Thu May 08 2014 00:00:00 GMT-0400 (EDT)","-999"
"0x8117","0","0","0","0","0","0","0","0","-999","-999","-999","Fri May 09 2014 00:00:00 GMT-0400 (EDT)","-999"
"0x8117","0","0","0","0","0","0","0","0","-999","-999","-999","Sat May 10 2014 00:00:00 GMT-0400 (EDT)","-999"
"0x8117","0","0","0","0","0","0","0","0","-999","-999","-999","Sun May 11 2014 00:00:00 GMT-0400 (EDT)","-999"
"0x8117","0","0","0","0","0","0","0","0","-999","-999","-999","Mon May 12 2014 00:00:00 GMT-0400 (EDT)","-999"
"0x8117","0","0","0","0","0","0","0","0","-999","-999","-999","Tue May 13 2014 00:00:00 GMT-0400 (EDT)","-999"
"0x8117","0","0","0","0","0","0","0","0","-999","-999","-999","Wed May 14 2014 00:00:00 GMT-0400 (EDT)","-999"
"0x8117","0","0","0","0","0","0","0","0","-999","-999","-999","Thu May 15 2014 00:00:00 GMT-0400 (EDT)","-999"
"0x8117","0","0","0","0","0","0","0","0","-999","-999","-999","Fri May 16 2014 00:00:00 GMT-0400 (EDT)","-999"
"0x8117","0","0","0","0","0","0","0","0","-999","-999","-999","Sat May 17 2014 00:00:00 GMT-0400 (EDT)","-999"
"0x8117","0","0","0","0","0","0","0","0","-999","-999","-999","Sun May 18 2014 00:00:00 GMT-0400 (EDT)","-999"
"0x8117","0","0","0","0","0","0","0","0","-999","-999","-999","Mon May 19 2014 00:00:00 GMT-0400 (EDT)","-999"
"0x8117","0","0","0","0","0","0","0","0","-999","-999","-999","Tue May 20 2014 00:00:00 GMT-0400 (EDT)","-999"
"0x8117","0","0","0","0","0","0","0","0","-999","-999","-999","Wed May 21 2014 00:00:00 GMT-0400 (EDT)","-999"
"0x8117","0","0","0","0","0","0","0","0","-999","-999","-999","Thu May 22 2014 00:00:00 GMT-0400 (EDT)","-999"
"0x8117","0","0","0","0","0","0","0","0","-999","-999","-999","Fri May 23 2014 00:00:00 GMT-0400 (EDT)","-999"
"0x8117","0","0","0","0","0","0","0","0","-999","-999","-999","Sat May 24 2014 00:00:00 GMT-0400 (EDT)","-999"
"0x8117","0","0","0","0","0","0","0","0","-999","-999","-999","Sun May 25 2014 00:00:00 GMT-0400 (EDT)","-999"
"0x8117","0","0","0","0","0","0","0","0","-999","-999","-999","Mon May 26 2014 00:00:00 GMT-0400 (EDT)","-999"
"0x8117","0","0","0","0","0","0","0","0","-999","-999","-999","Tue May 27 2014 00:00:00 GMT-0400 (EDT)","-999"
"0x8117","0","0","0","0","0","0","0","0","-999","-999","-999","Wed May 28 2014 00:00:00 GMT-0400 (EDT)","-999"
"0x8117","0","0","0","0","0","0","0","0","-999","-999","-999","Thu May 29 2014 00:00:00 GMT-0400 (EDT)","-999"
"0x8117","0","0","0","0","0","0","0","0","-999","-999","-999","Fri May 30 2014 00:00:00 GMT-0400 (EDT)","-999"
"0x8117","0","0","0","0","0","0","0","0","-999","-999","-999","Sat May 31 2014 00:00:00 GMT-0400 (EDT)","-999"
"0x8117","0","0","0","0","0","0","0","0","-999","-999","-999","Sun Jun 01 2014 00:00:00 GMT-0400 (EDT)","-999"
"0x8117","0","0","0","0","0","0","0","0","-999","-999","-999","Mon Jun 02 2014 00:00:00 GMT-0400 (EDT)","-999"
"0x8117","0","0","0","0","0","0","0","0","-999","-999","-999","Tue Jun 03 2014 00:00:00 GMT-0400 (EDT)","-999"
"0x8117","0","0","0","0","0","0","0","0","-999","-999","-999","Wed Jun 04 2014 00:00:00 GMT-0400 (EDT)","-999"
"0x8117","0","0","0","0","0","0","0","0","-999","-999","-999","Thu Jun 05 2014 00:00:00 GMT-0400 (EDT)","-999"
"0x8117","0","0","0","0","0","0","0","0","-999","-999","-999","Fri Jun 06 2014 00:00:00 GMT-0400 (EDT)","-999"
"0x8117","0","0","0","0","0","0","0","0","-999","-999","-999","Sat Jun 07 2014 00:00:00 GMT-0400 (EDT)","-999"
"0x8117","0","0","0","0","0","0","0","0","-999","-999","-999","Sun Jun 08 2014 00:00:00 GMT-0400 (EDT)","-999"
"0x8117","0","0","0","0","0","0","0","0","-999","-999","-999","Mon Jun 09 2014 00:00:00 GMT-0400 (EDT)","-999"
"0x8117","0","0","0","0","0","0","0","0","-999","-999","-999","Tue Jun 10 2014 00:00:00 GMT-0400 (EDT)","-999"
"0x8117","0","0","0","0","0","0","0","0","-999","-999","-999","Wed Jun 11 2014 00:00:00 GMT-0400 (EDT)","-999"
"0x8117","0","0","0","0","0","0","0","0","-999","-999","-999","Thu Jun 12 2014 00:00:00 GMT-0400 (EDT)","-999"
"0x8117","0","0","0","0","0","0","0","0","-999","-999","-999","Fri Jun 13 2014 00:00:00 GMT-0400 (EDT)","-999"
"0x8117","0","0","0","0","0","0","0","0","-999","-999","-999","Sat Jun 14 2014 00:00:00 GMT-0400 (EDT)","-999"
"0x8117","0","0","0","0","0","0","0","0","-999","-999","-999","Sun Jun 15 2014 00:00:00 GMT-0400 (EDT)","-999"
"0x8117","0","0","0","0","0","0","0","0","-999","-999","-999","Mon Jun 16 2014 00:00:00 GMT-0400 (EDT)","-999"
"0x8117","0","0","0","0","0","0","0","0","-999","-999","-999","Tue Jun 17 2014 00:00:00 GMT-0400 (EDT)","-999"
"0x8117","0","0","0","0","0","0","0","0","-999","-999","-999","Wed Jun 18 2014 00:00:00 GMT-0400 (EDT)","-999"
"0x8117","0","0","0","0","0","0","0","0","-999","-999","-999","Thu Jun 19 2014 00:00:00 GMT-0400 (EDT)","-999"
"0x8117","1700","1697","1701","1703","1704","1702","1698","1699","-999","-999","-999","Fri Jun 20 2014 00:00:00 GMT-0400 (EDT)","20"
"0x8117","4143","4143","4143","4144","4144","4143","4143","4143","-999","-999","-999","Sat Jun 21 2014 00:00:00 GMT-0400 (EDT)","20"
"0x8117","4152","4152","4152","4152","4152","4152","4152","4152","-999","-999","-999","Sun Jun 22 2014 00:00:00 GMT-0400 (EDT)","20"
"0x8117","4156","4156","4156","4156","4156","4156","4156","4156","-999","-999","-999","Mon Jun 23 2014 00:00:00 GMT-0400 (EDT)","20"
"0x8117","4152","4152","4152","4153","4153","4152","4152","4152","-999","-999","-999","Tue Jun 24 2014 00:00:00 GMT-0400 (EDT)","20"
"0x8117","4149","4149","4149","4149","4149","4149","4149","4149","-999","-999","-999","Wed Jun 25 2014 00:00:00 GMT-0400 (EDT)","20"
"0x8117","1567","1567","1567","1567","1567","1567","1567","1567","-999","-999","-999","Thu Jun 26 2014 00:00:00 GMT-0400 (EDT)","20"
"0x8117","0","0","0","0","0","0","0","0","-999","-999","-999","Fri Jun 27 2014 00:00:00 GMT-0400 (EDT)","-999"
"0x8117","0","0","0","0","0","0","0","0","-999","-999","-999","Sat Jun 28 2014 00:00:00 GMT-0400 (EDT)","-999"
"0x8117","0","0","0","0","0","0","0","0","-999","-999","-999","Sun Jun 29 2014 00:00:00 GMT-0400 (EDT)","-999"
"0x8117","1467","1467","1467","1467","1467","1467","1467","1467","-999","-999","-999","Mon Jun 30 2014 00:00:00 GMT-0400 (EDT)","20"
"0x8117","4070","4071","4070","4072","4070","4072","4070","4071","-999","-999","-999","Tue Jul 01 2014 00:00:00 GMT-0400 (EDT)","20"
"0x8117","4142","4142","4143","4143","4143","4143","4142","4142","-999","-999","-999","Wed Jul 02 2014 00:00:00 GMT-0400 (EDT)","20"
"0x8117","4141","4141","4141","4141","4141","4141","4141","4141","-999","-999","-999","Thu Jul 03 2014 00:00:00 GMT-0400 (EDT)","20"
"0x8117","3566","3566","3566","3566","3566","3566","3566","3566","-999","-999","-999","Fri Jul 04 2014 00:00:00 GMT-0400 (EDT)","20"
"0x8117","0","0","0","0","0","0","0","0","-999","-999","-999","Sat Jul 05 2014 00:00:00 GMT-0400 (EDT)","-999"
"0x8117","413","413","414","414","414","414","413","413","-999","-999","-999","Sun Jul 06 2014 00:00:00 GMT-0400 (EDT)","20"
"0x8117","1776","1776","1776","1776","1776","1776","1776","1776","-999","-999","-999","Mon Jul 07 2014 00:00:00 GMT-0400 (EDT)","20"
"0x8117","4136","4136","4136","4136","4136","4136","4136","4136","-999","-999","-999","Tue Jul 08 2014 00:00:00 GMT-0400 (EDT)","20"
"0x8117","3828","3828","3828","3828","3828","3828","3828","3828","-999","-999","-999","Wed Jul 09 2014 00:00:00 GMT-0400 (EDT)","20"
"0x8117","2270","2270","2270","2270","2270","2270","2270","2270","-999","-999","-999","Thu Jul 10 2014 00:00:00 GMT-0400 (EDT)","20"
"0x8117","3046","3046","3046","3046","3046","3046","3046","3046","-999","-999","-999","Fri Jul 11 2014 00:00:00 GMT-0400 (EDT)","20"
"0x8117","4148","4148","4148","4148","4148","4148","4148","4148","-999","-999","-999","Sat Jul 12 2014 00:00:00 GMT-0400 (EDT)","20"
"0x8117","4153","4153","4153","4153","4153","4153","4153","4153","-999","-999","-999","Sun Jul 13 2014 00:00:00 GMT-0400 (EDT)","20"
"0x8117","4146","4145","4146","4147","4147","4147","4145","4145","-999","-999","-999","Mon Jul 14 2014 00:00:00 GMT-0400 (EDT)","20"
"0x8117","4156","4156","4156","4156","4156","4156","4156","4156","-999","-999","-999","Tue Jul 15 2014 00:00:00 GMT-0400 (EDT)","20"
"0x8117","3415","3414","3415","3415","3415","3415","3415","3415","-999","-999","-999","Wed Jul 16 2014 00:00:00 GMT-0400 (EDT)","20"
"0x8117","1122","1122","1122","1122","1122","1122","1122","1122","-999","-999","-999","Thu Jul 17 2014 00:00:00 GMT-0400 (EDT)","20"
"0x8117","0","0","0","0","0","0","0","0","-999","-999","-999","Fri Jul 18 2014 00:00:00 GMT-0400 (EDT)","-999"
"0x8117","597","597","597","597","597","597","597","597","-999","-999","-999","Sat Jul 19 2014 00:00:00 GMT-0400 (EDT)","20"
"0x8117","4154","4154","4154","4154","4155","4154","4154","4154","-999","-999","-999","Sun Jul 20 2014 00:00:00 GMT-0400 (EDT)","20"
"0x8117","4158","4157","4159","4159","4159","4159","4158","4158","-999","-999","-999","Mon Jul 21 2014 00:00:00 GMT-0400 (EDT)","20"
"0x8117","4157","4156","4157","4157","4157","4157","4156","4156","-999","-999","-999","Tue Jul 22 2014 00:00:00 GMT-0400 (EDT)","20"
"0x8117","4150","4150","4150","4150","4150","4150","4150","4150","-999","-999","-999","Wed Jul 23 2014 00:00:00 GMT-0400 (EDT)","20"
"0x8117","4156","4156","4156","4156","4156","4156","4156","4156","-999","-999","-999","Thu Jul 24 2014 00:00:00 GMT-0400 (EDT)","20"
"0x8117","4157","4157","4157","4157","4157","4157","4157","4157","-999","-999","-999","Fri Jul 25 2014 00:00:00 GMT-0400 (EDT)","20"
"0x8117","4148","4148","4148","4148","4148","4148","4148","4148","-999","-999","-999","Sat Jul 26 2014 00:00:00 GMT-0400 (EDT)","20"
"0x8117","4152","4152","4152","4152","4152","4152","4152","4152","-999","-999","-999","Sun Jul 27 2014 00:00:00 GMT-0400 (EDT)","20"
"0x8117","4155","4155","4155","4155","4155","4155","4155","4155","-999","-999","-999","Mon Jul 28 2014 00:00:00 GMT-0400 (EDT)","20"
"0x8117","4158","4158","4158","4158","4158","4158","4158","4158","-999","-999","-999","Tue Jul 29 2014 00:00:00 GMT-0400 (EDT)","20"
"0x8117","4160","4160","4160","4160","4161","4160","4160","4160","-999","-999","-999","Wed Jul 30 2014 00:00:00 GMT-0400 (EDT)","20"
"0x8117","4155","4155","4155","4155","4155","4155","4155","4155","-999","-999","-999","Thu Jul 31 2014 00:00:00 GMT-0400 (EDT)","20"
"0x8117","4151","4151","4151","4151","4151","4151","4151","4151","-999","-999","-999","Fri Aug 01 2014 00:00:00 GMT-0400 (EDT)","20"
"0x8117","4163","4162","4163","4163","4163","4163","4162","4163","-999","-999","-999","Sat Aug 02 2014 00:00:00 GMT-0400 (EDT)","20"
"0x8117","2526","2526","2526","2526","2526","2526","2526","2526","-999","-999","-999","Sun Aug 03 2014 00:00:00 GMT-0400 (EDT)","20"
"0x8117","1244","1244","1244","1244","1245","1244","1244","1244","-999","-999","-999","Mon Aug 04 2014 00:00:00 GMT-0400 (EDT)","20"
"0x8117","4151","4151","4151","4151","4151","4151","4151","4151","-999","-999","-999","Tue Aug 05 2014 00:00:00 GMT-0400 (EDT)","20"
"0x8117","4157","4156","4157","4157","4157","4157","4157","4157","-999","-999","-999","Wed Aug 06 2014 00:00:00 GMT-0400 (EDT)","20"
"0x8117","2401","2401","2401","2401","2401","2401","2401","2401","-999","-999","-999","Thu Aug 07 2014 00:00:00 GMT-0400 (EDT)","20"
"0x8117","4138","4138","4138","4138","4138","4138","4138","4138","-999","-999","-999","Fri Aug 08 2014 00:00:00 GMT-0400 (EDT)","20"
"0x8117","4137","4137","4137","4137","4138","4137","4137","4137","-999","-999","-999","Sat Aug 09 2014 00:00:00 GMT-0400 (EDT)","20"
"0x8117","4154","4154","4154","4154","4154","4154","4154","4154","-999","-999","-999","Sun Aug 10 2014 00:00:00 GMT-0400 (EDT)","20"
"0x8117","4154","4154","4154","4154","4154","4154","4154","4154","-999","-999","-999","Mon Aug 11 2014 00:00:00 GMT-0400 (EDT)","20"
"0x8117","4149","4149","4149","4149","4149","4149","4149","4149","-999","-999","-999","Tue Aug 12 2014 00:00:00 GMT-0400 (EDT)","20"
"0x8117","3399","3399","3399","3399","3399","3399","3399","3399","-999","-999","-999","Wed Aug 13 2014 00:00:00 GMT-0400 (EDT)","20"
"0x8117","4138","4138","4138","4140","4140","4139","4138","4138","-999","-999","-999","Thu Aug 14 2014 00:00:00 GMT-0400 (EDT)","20"
"0x8117","4167","4166","4167","4167","4167","4167","4166","4166","-999","-999","-999","Fri Aug 15 2014 00:00:00 GMT-0400 (EDT)","20"
"0x8117","4152","4151","4152","4152","4153","4152","4151","4151","-999","-999","-999","Sat Aug 16 2014 00:00:00 GMT-0400 (EDT)","20"
"0x8117","4152","4152","4152","4152","4152","4152","4152","4152","-999","-999","-999","Sun Aug 17 2014 00:00:00 GMT-0400 (EDT)","20"
"0x8117","4166","4165","4166","4166","4166","4166","4165","4166","-999","-999","-999","Mon Aug 18 2014 00:00:00 GMT-0400 (EDT)","20"
"0x8117","4163","4163","4163","4163","4163","4163","4163","4163","-999","-999","-999","Tue Aug 19 2014 00:00:00 GMT-0400 (EDT)","20"
"0x8117","4148","4148","4148","4148","4148","4148","4148","4148","-999","-999","-999","Wed Aug 20 2014 00:00:00 GMT-0400 (EDT)","20"
"0x8117","4158","4158","4159","4159","4159","4159","4158","4158","-999","-999","-999","Thu Aug 21 2014 00:00:00 GMT-0400 (EDT)","20"
"0x8117","4158","4158","4158","4158","4158","4158","4158","4158","-999","-999","-999","Fri Aug 22 2014 00:00:00 GMT-0400 (EDT)","20"
"0x8117","4160","4160","4160","4160","4160","4160","4160","4160","-999","-999","-999","Sat Aug 23 2014 00:00:00 GMT-0400 (EDT)","20"
"0x8117","4161","4161","4161","4161","4161","4161","4161","4161","-999","-999","-999","Sun Aug 24 2014 00:00:00 GMT-0400 (EDT)","20"
"0x8117","4157","4157","4157","4157","4157","4157","4157","4157","-999","-999","-999","Mon Aug 25 2014 00:00:00 GMT-0400 (EDT)","20"
"0x8117","4152","4152","4152","4152","4152","4152","4152","4152","-999","-999","-999","Tue Aug 26 2014 00:00:00 GMT-0400 (EDT)","20"
"0x8117","4152","4152","4152","4152","4152","4152","4152","4152","-999","-999","-999","Wed Aug 27 2014 00:00:00 GMT-0400 (EDT)","20"
"0x8117","4156","4156","4157","4157","4157","4157","4156","4156","-999","-999","-999","Thu Aug 28 2014 00:00:00 GMT-0400 (EDT)","20"
"0x8117","4159","4159","4160","4160","4160","4160","4159","4159","-999","-999","-999","Fri Aug 29 2014 00:00:00 GMT-0400 (EDT)","20"
"0x8117","4166","4166","4166","4166","4166","4166","4166","4166","-999","-999","-999","Sat Aug 30 2014 00:00:00 GMT-0400 (EDT)","20"
"0x8117","4105","4105","4105","4105","4105","4105","4105","4105","-999","-999","-999","Sun Aug 31 2014 00:00:00 GMT-0400 (EDT)","20"
"0x8117","4135","4135","4136","4136","4136","4136","4135","4135","-999","-999","-999","Mon Sep 01 2014 00:00:00 GMT-0400 (EDT)","20"
"0x8117","4139","4139","4139","4139","4139","4139","4139","4139","-999","-999","-999","Tue Sep 02 2014 00:00:00 GMT-0400 (EDT)","20"
"0x8117","4160","4160","4160","4160","4160","4160","4160","4160","-999","-999","-999","Wed Sep 03 2014 00:00:00 GMT-0400 (EDT)","20"
"0x8117","4151","4151","4151","4151","4151","4151","4151","4151","-999","-999","-999","Thu Sep 04 2014 00:00:00 GMT-0400 (EDT)","20"
"0x8117","4108","4107","4108","4108","4108","4108","4108","4108","-999","-999","-999","Fri Sep 05 2014 00:00:00 GMT-0400 (EDT)","20"
"0x8117","4115","4115","4115","4115","4115","4115","4115","4115","-999","-999","-999","Sat Sep 06 2014 00:00:00 GMT-0400 (EDT)","20"
"0x8117","4160","4160","4160","4161","4161","4161","4160","4160","-999","-999","-999","Sun Sep 07 2014 00:00:00 GMT-0400 (EDT)","20"
"0x8117","4168","4168","4168","4168","4168","4168","4168","4168","-999","-999","-999","Mon Sep 08 2014 00:00:00 GMT-0400 (EDT)","20"
"0x8117","3946","3946","3946","3947","3947","3946","3946","3946","-999","-999","-999","Tue Sep 09 2014 00:00:00 GMT-0400 (EDT)","20"
"0x8117","3961","3961","3961","3961","3961","3961","3961","3961","-999","-999","-999","Wed Sep 10 2014 00:00:00 GMT-0400 (EDT)","20"
"0x8117","3731","3731","3731","3731","3731","3731","3731","3731","-999","-999","-999","Thu Sep 11 2014 00:00:00 GMT-0400 (EDT)","20"
"0x8117","3561","3561","3561","3562","3562","3561","3561","3561","-999","-999","-999","Fri Sep 12 2014 00:00:00 GMT-0400 (EDT)","20"
"0x8117","3028","3028","3028","3029","3029","3028","3028","3028","-999","-999","-999","Sat Sep 13 2014 00:00:00 GMT-0400 (EDT)","20"
"0x8117","3570","3570","3570","3570","3570","3570","3570","3570","-999","-999","-999","Sun Sep 14 2014 00:00:00 GMT-0400 (EDT)","20"
"0x8117","4171","4171","4171","4171","4171","4171","4171","4171","-999","-999","-999","Mon Sep 15 2014 00:00:00 GMT-0400 (EDT)","20"
"0x8117","4179","4179","4179","4179","4179","4179","4179","4179","-999","-999","-999","Tue Sep 16 2014 00:00:00 GMT-0400 (EDT)","20"
"0x8117","3831","3830","3831","3831","3832","3831","3831","3831","-999","-999","-999","Wed Sep 17 2014 00:00:00 GMT-0400 (EDT)","20"
"0x8117","1057","1057","1057","1057","1057","1057","1057","1057","-999","-999","-999","Thu Sep 18 2014 00:00:00 GMT-0400 (EDT)","20"
"0x8117","4160","4160","4160","4160","4160","4160","4160","4160","-999","-999","-999","Fri Sep 19 2014 00:00:00 GMT-0400 (EDT)","20"
"0x8117","4169","4169","4169","4169","4169","4169","4169","4169","-999","-999","-999","Sat Sep 20 2014 00:00:00 GMT-0400 (EDT)","20"
"0x8117","4162","4162","4162","4162","4162","4162","4162","4162","-999","-999","-999","Sun Sep 21 2014 00:00:00 GMT-0400 (EDT)","20"
"0x8117","4162","4162","4163","4163","4163","4163","4162","4162","-999","-999","-999","Mon Sep 22 2014 00:00:00 GMT-0400 (EDT)","20"
"0x8117","4170","4170","4170","4171","4171","4170","4170","4170","-999","-999","-999","Tue Sep 23 2014 00:00:00 GMT-0400 (EDT)","20"
"0x8117","4120","4120","4120","4121","4122","4120","4120","4120","-999","-999","-999","Wed Sep 24 2014 00:00:00 GMT-0400 (EDT)","20"
"0x8117","4037","4036","4037","4037","4037","4037","4036","4037","-999","-999","-999","Thu Sep 25 2014 00:00:00 GMT-0400 (EDT)","20"
"0x8117","3902","3902","3902","3902","3902","3902","3902","3902","-999","-999","-999","Fri Sep 26 2014 00:00:00 GMT-0400 (EDT)","20"
"0x8117","4165","4165","4165","4166","4166","4165","4165","4165","-999","-999","-999","Sat Sep 27 2014 00:00:00 GMT-0400 (EDT)","20"
"0x8117","4160","4160","4160","4160","4160","4160","4160","4160","-999","-999","-999","Sun Sep 28 2014 00:00:00 GMT-0400 (EDT)","20"
"0x8117","4170","4170","4170","4170","4170","4170","4170","4170","-999","-999","-999","Mon Sep 29 2014 00:00:00 GMT-0400 (EDT)","20"
"0x8117","4173","4173","4173","4173","4173","4173","4173","4173","-999","-999","-999","Tue Sep 30 2014 00:00:00 GMT-0400 (EDT)","20"
"0x8117","4162","4162","4162","4162","4162","4162","4162","4162","-999","-999","-999","Wed Oct 01 2014 00:00:00 GMT-0400 (EDT)","20"
"0x8117","854","854","854","854","854","854","854","854","-999","-999","-999","Thu Oct 02 2014 00:00:00 GMT-0400 (EDT)","20"
"0x8117","0","0","0","0","0","0","0","0","-999","-999","-999","Fri Oct 03 2014 00:00:00 GMT-0400 (EDT)","-999"
"0x8117","0","0","0","0","0","0","0","0","-999","-999","-999","Sat Oct 04 2014 00:00:00 GMT-0400 (EDT)","-999"
"0x8117","0","0","0","0","0","0","0","0","-999","-999","-999","Sun Oct 05 2014 00:00:00 GMT-0400 (EDT)","-999"
"0x8117","0","0","0","0","0","0","0","0","-999","-999","-999","Mon Oct 06 2014 00:00:00 GMT-0400 (EDT)","-999"
"0x8117","0","0","0","0","0","0","0","0","-999","-999","-999","Tue Oct 07 2014 00:00:00 GMT-0400 (EDT)","-999"
"0x8117","0","0","0","0","0","0","0","0","-999","-999","-999","Wed Oct 08 2014 00:00:00 GMT-0400 (EDT)","-999"
"0x8117","0","0","0","0","0","0","0","0","-999","-999","-999","Thu Oct 09 2014 00:00:00 GMT-0400 (EDT)","-999"
"0x8117","1264","1264","1264","1264","1264","1264","1264","1264","-999","-999","-999","Fri Oct 10 2014 00:00:00 GMT-0400 (EDT)","20"
"0x8117","4183","4183","4183","4183","4183","4183","4183","4183","-999","-999","-999","Sat Oct 11 2014 00:00:00 GMT-0400 (EDT)","20"
"0x8117","4183","4183","4183","4183","4183","4183","4183","4183","-999","-999","-999","Sun Oct 12 2014 00:00:00 GMT-0400 (EDT)","20"
"0x8117","4165","4165","4165","4165","4165","4165","4165","4165","-999","-999","-999","Mon Oct 13 2014 00:00:00 GMT-0400 (EDT)","20"
"0x8117","4154","4154","4154","4154","4154","4154","4154","4154","-999","-999","-999","Tue Oct 14 2014 00:00:00 GMT-0400 (EDT)","20"
"0x8117","4156","4156","4156","4156","4156","4156","4156","4156","-999","-999","-999","Wed Oct 15 2014 00:00:00 GMT-0400 (EDT)","20"
"0x8117","4107","4106","4107","4107","4107","4107","4107","4107","-999","-999","-999","Thu Oct 16 2014 00:00:00 GMT-0400 (EDT)","20"
"0x8117","4064","4064","4064","4065","4065","4064","4064","4064","-999","-999","-999","Fri Oct 17 2014 00:00:00 GMT-0400 (EDT)","20"
"0x8117","4024","4024","4024","4024","4024","4024","4024","4024","-999","-999","-999","Sat Oct 18 2014 00:00:00 GMT-0400 (EDT)","20"
"0x8117","4147","4147","4148","4148","4148","4148","4147","4147","-999","-999","-999","Sun Oct 19 2014 00:00:00 GMT-0400 (EDT)","20"
"0x8117","4047","4047","4047","4047","4047","4047","4047","4047","-999","-999","-999","Mon Oct 20 2014 00:00:00 GMT-0400 (EDT)","20"
"0x8117","3060","3060","3060","3060","3060","3060","3060","3060","-999","-999","-999","Tue Oct 21 2014 00:00:00 GMT-0400 (EDT)","20"
"0x8117","3011","3010","3011","3011","3011","3011","3010","3011","-999","-999","-999","Wed Oct 22 2014 00:00:00 GMT-0400 (EDT)","20"
"0x8117","1487","1487","1487","1487","1487","1487","1487","1487","-999","-999","-999","Thu Oct 23 2014 00:00:00 GMT-0400 (EDT)","20"
"0x8117","0","0","0","0","0","0","0","0","-999","-999","-999","Fri Oct 24 2014 00:00:00 GMT-0400 (EDT)","-999"
"0x8117","0","0","0","0","0","0","0","0","-999","-999","-999","Sat Oct 25 2014 00:00:00 GMT-0400 (EDT)","-999"
"0x8117","0","0","0","0","0","0","0","0","-999","-999","-999","Sun Oct 26 2014 00:00:00 GMT-0400 (EDT)","-999"
"0x8117","0","0","0","0","0","0","0","0","-999","-999","-999","Mon Oct 27 2014 00:00:00 GMT-0400 (EDT)","-999"
"0x8117","0","0","0","0","0","0","0","0","-999","-999","-999","Tue Oct 28 2014 00:00:00 GMT-0400 (EDT)","-999"
"0x8117","0","0","0","0","0","0","0","0","-999","-999","-999","Wed Oct 29 2014 00:00:00 GMT-0400 (EDT)","-999"
"0x8117","0","0","0","0","0","0","0","0","-999","-999","-999","Thu Oct 30 2014 00:00:00 GMT-0400 (EDT)","-999"
"0x8117","0","0","0","0","0","0","0","0","-999","-999","-999","Fri Oct 31 2014 00:00:00 GMT-0400 (EDT)","-999"
"0x8117","0","0","0","0","0","0","0","0","-999","-999","-999","Sat Nov 01 2014 00:00:00 GMT-0400 (EDT)","-999"
"0x8117","0","0","0","0","0","0","0","0","-999","-999","-999","Sun Nov 02 2014 00:00:00 GMT-0400 (EDT)","-999"
"0x8117","0","0","0","0","0","0","0","0","-999","-999","-999","Mon Nov 03 2014 00:00:00 GMT-0500 (EST)","-999"
"0x8117","0","0","0","0","0","0","0","0","-999","-999","-999","Tue Nov 04 2014 00:00:00 GMT-0500 (EST)","-999"
"0x8117","0","0","0","0","0","0","0","0","-999","-999","-999","Wed Nov 05 2014 00:00:00 GMT-0500 (EST)","-999"
"0x8117","0","0","0","0","0","0","0","0","-999","-999","-999","Thu Nov 06 2014 00:00:00 GMT-0500 (EST)","-999"
"0x8117","0","0","0","0","0","0","0","0","-999","-999","-999","Fri Nov 07 2014 00:00:00 GMT-0500 (EST)","-999"
"0x8117","999","999","999","999","999","999","999","999","-999","-999","-999","Sat Nov 08 2014 00:00:00 GMT-0500 (EST)","20"
"0x8117","4077","4077","4077","4077","4077","4077","4077","4077","-999","-999","-999","Sun Nov 09 2014 00:00:00 GMT-0500 (EST)","20"
"0x8117","4137","4137","4137","4137","4137","4137","4137","4137","-999","-999","-999","Mon Nov 10 2014 00:00:00 GMT-0500 (EST)","20"
"0x8117","4136","4135","4136","4137","4137","4136","4135","4136","-999","-999","-999","Tue Nov 11 2014 00:00:00 GMT-0500 (EST)","20"
"0x8117","2530","2529","2530","2530","2530","2530","2529","2529","-999","-999","-999","Wed Nov 12 2014 00:00:00 GMT-0500 (EST)","20"
"0x8117","4142","4142","4142","4142","4142","4142","4142","4142","-999","-999","-999","Thu Nov 13 2014 00:00:00 GMT-0500 (EST)","20"
"0x8117","3122","3122","3122","3122","3122","3122","3122","3122","-999","-999","-999","Fri Nov 14 2014 00:00:00 GMT-0500 (EST)","20"
"0x8117","0","0","0","0","0","0","0","0","-999","-999","-999","Sat Nov 15 2014 00:00:00 GMT-0500 (EST)","-999"
"0x8117","0","0","0","0","0","0","0","0","-999","-999","-999","Sun Nov 16 2014 00:00:00 GMT-0500 (EST)","-999"
"0x8117","0","0","0","0","0","0","0","0","-999","-999","-999","Mon Nov 17 2014 00:00:00 GMT-0500 (EST)","-999"
"0x8117","1028","1028","1028","1028","1028","1028","1028","1028","-999","-999","-999","Tue Nov 18 2014 00:00:00 GMT-0500 (EST)","20"
"0x8117","4145","4145","4145","4145","4145","4145","4145","4145","-999","-999","-999","Wed Nov 19 2014 00:00:00 GMT-0500 (EST)","20"
"0x8117","4152","4152","4152","4152","4152","4152","4152","4152","-999","-999","-999","Thu Nov 20 2014 00:00:00 GMT-0500 (EST)","20"
"0x8117","4153","4153","4153","4153","4153","4153","4153","4153","-999","-999","-999","Fri Nov 21 2014 00:00:00 GMT-0500 (EST)","20"
"0x8117","4142","4142","4142","4142","4142","4142","4142","4142","-999","-999","-999","Sat Nov 22 2014 00:00:00 GMT-0500 (EST)","20"
"0x8117","3566","3566","3566","3566","3566","3566","3566","3566","-999","-999","-999","Sun Nov 23 2014 00:00:00 GMT-0500 (EST)","20"
"0x8117","545","545","545","545","545","545","545","545","-999","-999","-999","Mon Nov 24 2014 00:00:00 GMT-0500 (EST)","20"
"0x8117","4142","4142","4142","4142","4142","4142","4142","4142","-999","-999","-999","Tue Nov 25 2014 00:00:00 GMT-0500 (EST)","20"
"0x8117","3371","3371","3371","3371","3371","3371","3371","3371","-999","-999","-999","Wed Nov 26 2014 00:00:00 GMT-0500 (EST)","20"
"0x8117","0","0","0","0","0","0","0","0","-999","-999","-999","Thu Nov 27 2014 00:00:00 GMT-0500 (EST)","-999"
"0x8117","0","0","0","0","0","0","0","0","-999","-999","-999","Fri Nov 28 2014 00:00:00 GMT-0500 (EST)","-999"
"0x8117","0","0","0","0","0","0","0","0","-999","-999","-999","Sat Nov 29 2014 00:00:00 GMT-0500 (EST)","-999"
"0x8117","0","0","0","0","0","0","0","0","-999","-999","-999","Sun Nov 30 2014 00:00:00 GMT-0500 (EST)","-999"
"0x8117","0","0","0","0","0","0","0","0","-999","-999","-999","Mon Dec 01 2014 00:00:00 GMT-0500 (EST)","-999"
"0x8117","0","0","0","0","0","0","0","0","-999","-999","-999","Tue Dec 02 2014 00:00:00 GMT-0500 (EST)","-999"
"0x8117","0","0","0","0","0","0","0","0","-999","-999","-999","Wed Dec 03 2014 00:00:00 GMT-0500 (EST)","-999"
"0x8117","0","0","0","0","0","0","0","0","-999","-999","-999","Thu Dec 04 2014 00:00:00 GMT-0500 (EST)","-999"
"0x8117","0","0","0","0","0","0","0","0","-999","-999","-999","Fri Dec 05 2014 00:00:00 GMT-0500 (EST)","-999"
"0x8117","0","0","0","0","0","0","0","0","-999","-999","-999","Sat Dec 06 2014 00:00:00 GMT-0500 (EST)","-999"
"0x8117","0","0","0","0","0","0","0","0","-999","-999","-999","Sun Dec 07 2014 00:00:00 GMT-0500 (EST)","-999"
"0x8117","0","0","0","0","0","0","0","0","-999","-999","-999","Mon Dec 08 2014 00:00:00 GMT-0500 (EST)","-999"
"0x8117","0","0","0","0","0","0","0","0","-999","-999","-999","Tue Dec 09 2014 00:00:00 GMT-0500 (EST)","-999"
"0x8117","0","0","0","0","0","0","0","0","-999","-999","-999","Wed Dec 10 2014 00:00:00 GMT-0500 (EST)","-999"
"0x8117","0","0","0","0","0","0","0","0","-999","-999","-999","Thu Dec 11 2014 00:00:00 GMT-0500 (EST)","-999"
"0x8117","0","0","0","0","0","0","0","0","-999","-999","-999","Fri Dec 12 2014 00:00:00 GMT-0500 (EST)","-999"
"0x8117","0","0","0","0","0","0","0","0","-999","-999","-999","Sat Dec 13 2014 00:00:00 GMT-0500 (EST)","-999"
"0x8117","0","0","0","0","0","0","0","0","-999","-999","-999","Sun Dec 14 2014 00:00:00 GMT-0500 (EST)","-999"
"0x8117","807","807","807","807","807","807","807","807","-999","-999","-999","Mon Dec 15 2014 00:00:00 GMT-0500 (EST)","20"
"0x8117","3398","3398","3398","3398","3398","3398","3398","3398","-999","-999","-999","Tue Dec 16 2014 00:00:00 GMT-0500 (EST)","20"
"0x8117","0","0","0","0","0","0","0","0","-999","-999","-999","Wed Dec 17 2014 00:00:00 GMT-0500 (EST)","-999"
"0x8117","0","0","0","0","0","0","0","0","-999","-999","-999","Thu Dec 18 2014 00:00:00 GMT-0500 (EST)","-999"
"0x8117","0","0","0","0","0","0","0","0","-999","-999","-999","Fri Dec 19 2014 00:00:00 GMT-0500 (EST)","-999"
"0x8117","0","0","0","0","0","0","0","0","-999","-999","-999","Sat Dec 20 2014 00:00:00 GMT-0500 (EST)","-999"
"0x8117","0","0","0","0","0","0","0","0","-999","-999","-999","Sun Dec 21 2014 00:00:00 GMT-0500 (EST)","-999"
"0x8117","834","834","834","834","834","834","834","834","-999","-999","-999","Mon Dec 22 2014 00:00:00 GMT-0500 (EST)","20"
"0x8117","750","750","750","750","750","750","750","750","-999","-999","-999","Tue Dec 23 2014 00:00:00 GMT-0500 (EST)","20"
"0x8117","0","0","0","0","0","0","0","0","-999","-999","-999","Wed Dec 24 2014 00:00:00 GMT-0500 (EST)","-999"
"0x8117","30","30","30","30","30","30","30","30","-999","-999","-999","Thu Dec 25 2014 00:00:00 GMT-0500 (EST)","20"
"0x8117","1513","1513","1513","1513","1513","1513","1513","1513","-999","-999","-999","Fri Dec 26 2014 00:00:00 GMT-0500 (EST)","20"
"0x8117","0","0","0","0","0","0","0","0","-999","-999","-999","Sat Dec 27 2014 00:00:00 GMT-0500 (EST)","-999"
"0x8117","0","0","0","0","0","0","0","0","-999","-999","-999","Sun Dec 28 2014 00:00:00 GMT-0500 (EST)","-999"
"0x8117","0","0","0","0","0","0","0","0","-999","-999","-999","Mon Dec 29 2014 00:00:00 GMT-0500 (EST)","-999"
"0x8117","825","825","825","825","825","825","825","825","-999","-999","-999","Tue Dec 30 2014 00:00:00 GMT-0500 (EST)","20"
"0x8117","4196","4196","4196","4196","4196","4196","4196","4196","-999","-999","-999","Wed Dec 31 2014 00:00:00 GMT-0500 (EST)","20"